date,variant,prop_median,prop_ci_low,prop_ci_high
2021-09-05,B.1.1.529 (Omikron),1.7141450884019157e-11,1.3026411901343872e-13,4.6110482450961934e-10
2021-09-05,B.1.1.7 (Alpha),8.411860611335465e-5,2.6862413849187017e-5,2.5331863353445557e-4
2021-09-05,B.1.617.2 (Delta),0.9999158813020073,0.9997466813592085,0.999973137566484
2021-09-06,B.1.1.529 (Omikron),2.1148026765919814e-11,1.6934450432392324e-13,5.542359019126116e-10
2021-09-06,B.1.1.7 (Alpha),8.510490389869991e-5,2.710191821347524e-5,2.5233288458154345e-4
2021-09-06,B.1.617.2 (Delta),0.9999148950319457,0.9997476671063351,0.9999728980575038
2021-09-07,B.1.1.529 (Omikron),2.619133366709021e-11,2.198498792553156e-13,6.661770360033402e-10
2021-09-07,B.1.1.7 (Alpha),8.57096865145464e-5,2.7549085552255625e-5,2.5091278486881474e-4
2021-09-07,B.1.617.2 (Delta),0.999914290026237,0.9997490872017089,0.9999724506613252
2021-09-08,B.1.1.529 (Omikron),3.252556578591792e-11,2.8282231249262295e-13,8.007273737227413e-10
2021-09-08,B.1.1.7 (Alpha),8.612332947239681e-5,2.8232026727217665e-5,2.492832263293709e-4
2021-09-08,B.1.617.2 (Delta),0.9999138763269857,0.9997507167569261,0.9999717678988483
2021-09-09,B.1.1.529 (Omikron),4.0276146088601694e-11,3.638326978060166e-13,9.624533927232179e-10
2021-09-09,B.1.1.7 (Alpha),8.684751623419244e-5,2.8799137023857006e-5,2.47664249810295e-4
2021-09-09,B.1.617.2 (Delta),0.9999131524603628,0.9997523357293001,0.9999712008461199
2021-09-10,B.1.1.529 (Omikron),4.983390642612389e-11,4.686954198113882e-13,1.1567908488543722e-9
2021-09-10,B.1.1.7 (Alpha),8.754174590921363e-5,2.941627922020124e-5,2.4605578661912424e-4
2021-09-10,B.1.617.2 (Delta),0.9999124582023724,0.9997539441873204,0.9999705836548796
2021-09-11,B.1.1.529 (Omikron),6.165980080632735e-11,6.059609939635416e-13,1.3899902708258714e-9
2021-09-11,B.1.1.7 (Alpha),8.839142091670999e-5,2.9933937858790397e-05,2.444577685089107e-4
2021-09-11,B.1.617.2 (Delta),0.9999116080696466,0.99975554219898,0.9999700660435823
2021-09-12,B.1.1.529 (Omikron),7.62920812255712e-11,7.83428297834308e-13,1.6702047875839915e-9
2021-09-12,B.1.1.7 (Alpha),8.88882300861417e-5,3.044391185009937e-5,2.4346311210549575e-4
2021-09-12,B.1.617.2 (Delta),0.9999111113225614,0.9997565368102277,0.999969556065032
2021-09-13,B.1.1.529 (Omikron),9.439673380383096e-11,1.0128717578864806e-12,2.0069138455364474e-9
2021-09-13,B.1.1.7 (Alpha),8.951504756065871e-5,3.0962601518914356e-5,2.4195906680960904e-4
2021-09-13,B.1.617.2 (Delta),0.9999104836941883,0.9997580408347885,0.9999690373696828
2021-09-14,B.1.1.529 (Omikron),1.167977920392423e-10,1.3095144292142638e-12,2.411508341725818e-9
2021-09-14,B.1.1.7 (Alpha),9.016796290830049e-5,3.14923193441632e-5,2.3972570881677937e-4
2021-09-14,B.1.617.2 (Delta),0.9999098305614731,0.9997602742280568,0.9999685076676386
2021-09-15,B.1.1.529 (Omikron),1.4451484393204588e-10,1.6930380957962675e-12,2.8976760811781783e-9
2021-09-15,B.1.1.7 (Alpha),9.074093043568015e-5,3.201549620825602e-5,2.3816879737057235e-4
2021-09-15,B.1.617.2 (Delta),0.9999092590021504,0.9997618311238747,0.9999679844674614
2021-09-16,B.1.1.529 (Omikron),1.7862110886504935e-10,2.1888892357909608e-12,3.480350617149847e-9
2021-09-16,B.1.1.7 (Alpha),9.166566127069156e-5,3.2818729933297274e-5,2.375453933701239e-4
2021-09-16,B.1.617.2 (Delta),0.9999083338684258,0.9997624543371968,0.9999671812505794
2021-09-17,B.1.1.529 (Omikron),2.2051423930299344e-10,2.8299675148709308e-12,4.155669032389265e-9
2021-09-17,B.1.1.7 (Alpha),9.237008674790341e-5,3.355348925857782e-5,2.361589263832288e-4
2021-09-17,B.1.617.2 (Delta),0.9999076293458729,0.9997638407967897,0.9999664462469995
2021-09-18,B.1.1.529 (Omikron),2.731540976847717e-10,3.658808856013143e-12,4.9620362239613924e-9
2021-09-18,B.1.1.7 (Alpha),9.305868924794437e-5,3.4220356038299e-5,2.3470308518016864e-4
2021-09-18,B.1.617.2 (Delta),0.9999069406373645,0.999765296515239,0.9999657739462253
2021-09-19,B.1.1.529 (Omikron),3.384368380083517e-10,4.730407955686873e-12,5.924885194114909e-9
2021-09-19,B.1.1.7 (Alpha),9.375085934386731e-5,3.496636910507767e-5,2.3410698812344639e-4
2021-09-19,B.1.617.2 (Delta),0.9999062476257995,0.9997658928350142,0.999965032836894
2021-09-20,B.1.1.529 (Omikron),4.2028657710254117e-10,6.083004180521762e-12,7.1330534369612775e-9
2021-09-20,B.1.1.7 (Alpha),9.454502922566366e-5,3.5714807205239354e-5,2.3442789253692742e-4
2021-09-20,B.1.617.2 (Delta),0.9999054543326411,0.9997655720627436,0.9999642847140422
2021-09-21,B.1.1.529 (Omikron),5.208675803736027e-10,7.762872909020868e-12,8.589185068209625e-9
2021-09-21,B.1.1.7 (Alpha),9.505700103539118e-5,3.627740090430173e-5,2.3328568098820188e-4
2021-09-21,B.1.617.2 (Delta),0.9999049409669147,0.9997667132603317,0.9999637221269909
2021-09-22,B.1.1.529 (Omikron),6.450893252899079e-10,9.908045761899025e-12,1.0403386958175798e-8
2021-09-22,B.1.1.7 (Alpha),9.582408496264031e-5,3.696806226513915e-5,2.3069623510228672e-4
2021-09-22,B.1.617.2 (Delta),0.999904175124283,0.9997692962584672,0.9999630314121343
2021-09-23,B.1.1.529 (Omikron),7.9893680954449e-10,1.2646126134577451e-11,1.2550671613848984e-8
2021-09-23,B.1.1.7 (Alpha),9.675090165839532e-5,3.793364119403573e-5,2.290076158900798e-4
2021-09-23,B.1.617.2 (Delta),0.9999032467571739,0.9997709893301895,0.9999620657101614
2021-09-24,B.1.1.529 (Omikron),9.878515506406672e-10,1.6172684918739544e-11,1.4986456472441685e-8
2021-09-24,B.1.1.7 (Alpha),9.738773926847491e-5,3.883731626056745e-5,2.2822203201081775e-4
2021-09-24,B.1.617.2 (Delta),0.9999026121323338,0.9997717742353391,0.999961161584655
2021-09-25,B.1.1.529 (Omikron),1.223416356865884e-9,2.091160010954375e-11,1.8042842880475093e-8
2021-09-25,B.1.1.7 (Alpha),9.802570118535957e-5,3.965030697559722e-5,2.274394664754609e-4
2021-09-25,B.1.617.2 (Delta),0.9999019735686958,0.9997725559712818,0.9999603483414591
2021-09-26,B.1.1.529 (Omikron),1.5141768612020654e-9,2.7057155428737376e-11,2.1720039216104606e-8
2021-09-26,B.1.1.7 (Alpha),9.887929926859974e-5,4.0293889298328704e-5,2.2694202773088781e-4
2021-09-26,B.1.617.2 (Delta),0.9999011193740759,0.9997730541275469,0.999959705845568
2021-09-27,B.1.1.529 (Omikron),1.875632477795554e-9,3.505286916872172e-11,2.5972964291873474e-8
2021-09-27,B.1.1.7 (Alpha),9.969744783874741e-5,4.0662979609691235e-5,2.2770325166197977e-4
2021-09-27,B.1.617.2 (Delta),0.9999002999513746,0.9997722916839531,0.9999593361403621
2021-09-28,B.1.1.529 (Omikron),2.317143804997551e-9,4.5586327281637396e-11,3.083702733328833e-8
2021-09-28,B.1.1.7 (Alpha),1.0065865579004116e-4,4.1057309676033863e-05,2.2839187807877662e-4
2021-09-28,B.1.617.2 (Delta),0.9998993406912224,0.9997716019611537,0.9999589416097131
2021-09-29,B.1.1.529 (Omikron),2.8416630096802722e-9,5.928519963670683e-11,3.659562551444266e-8
2021-09-29,B.1.1.7 (Alpha),1.0171843467543417e-4,4.1534542476637727e-5,2.275954792543385e-4
2021-09-29,B.1.617.2 (Delta),0.9998982670524186,0.9997723993045355,0.9999584555550846
2021-09-30,B.1.1.529 (Omikron),3.482622300163808e-9,7.714518131100287e-11,4.349889128288706e-8
2021-09-30,B.1.1.7 (Alpha),1.0242525779069313e-4,4.1805692984455224e-5,2.2707958906693476e-4
2021-09-30,B.1.617.2 (Delta),0.999897572177416,0.9997729194698827,0.9999581931639641
2021-10-01,B.1.1.529 (Omikron),4.3025603153465315e-9,1.0099949500031597e-10,5.2077418855610166e-8
2021-10-01,B.1.1.7 (Alpha),1.0330544417070324e-4,4.216886738346551e-5,2.2502873412814787e-4
2021-10-01,B.1.617.2 (Delta),0.9998966850568904,0.9997749667883379,0.9999578297115113
2021-10-02,B.1.1.529 (Omikron),5.334700864050813e-9,1.3058127554773372e-10,6.251144878288843e-8
2021-10-02,B.1.1.7 (Alpha),1.0404501142761437e-4,4.2629703519593447e-5,2.240456753450156e-4
2021-10-02,B.1.617.2 (Delta),0.9998959526752287,0.9997759467494872,0.9999572867249684
2021-10-03,B.1.1.529 (Omikron),6.576093455206109e-9,1.6977131573685036e-10,7.50360025699295e-8
2021-10-03,B.1.1.7 (Alpha),1.0481574801512e-4,4.3555398370740955e-5,2.2520106967588647e-4
2021-10-03,B.1.617.2 (Delta),0.9998951662567326,0.9997747980101175,0.9999563910851255
2021-10-04,B.1.1.529 (Omikron),8.182362296768385e-9,2.2072445806640938e-10,9.006993026048984e-8
2021-10-04,B.1.1.7 (Alpha),1.0582763622645657e-4,4.438006948129214e-5,2.2490295285294853e-4
2021-10-04,B.1.617.2 (Delta),0.9998941477033882,0.9997750962676273,0.9999554992960767
2021-10-05,B.1.1.529 (Omikron),1.0107428785932108e-8,2.86971859750171e-10,1.0811600128536747e-7
2021-10-05,B.1.1.7 (Alpha),1.0741507304283567e-4,4.527721643984274e-5,2.2517082407312892e-4
2021-10-05,B.1.617.2 (Delta),0.9998925785143588,0.9997748156123438,0.9999545780636763
2021-10-06,B.1.1.529 (Omikron),1.2494093304337056e-8,3.7326374611271255e-10,1.2977771827313956e-7
2021-10-06,B.1.1.7 (Alpha),1.081675775702936e-4,4.6197155250766234e-5,2.2541903702669313e-4
2021-10-06,B.1.617.2 (Delta),0.9998918267726812,0.999774573668021,0.9999536289318827
2021-10-07,B.1.1.529 (Omikron),1.5424354177145198e-8,4.846798047019443e-10,1.5575130279310396e-7
2021-10-07,B.1.1.7 (Alpha),1.090596148478633e-4,4.713581295432079e-5,2.2463450038271113e-4
2021-10-07,B.1.617.2 (Delta),0.9998909351961727,0.9997753554968666,0.9999526551919935
2021-10-08,B.1.1.529 (Omikron),1.9046114739014654e-8,6.271757377074092e-10,1.8691027973025445e-7
2021-10-08,B.1.1.7 (Alpha),1.0985145028777541e-4,4.8093570831556064e-5,2.2389216013664592e-4
2021-10-08,B.1.617.2 (Delta),0.9998901324492178,0.999776058030244,0.9999516552745837
2021-10-09,B.1.1.529 (Omikron),2.365774169146873e-8,8.115712136622244e-10,2.2347499094503638e-7
2021-10-09,B.1.1.7 (Alpha),1.1079542131334363e-4,4.866300074590656e-5,2.2330209830733288e-4
2021-10-09,B.1.617.2 (Delta),0.9998891994910861,0.9997766675391498,0.9999513336171124
2021-10-10,B.1.1.529 (Omikron),2.9189643421514227e-8,1.055965883391325e-9,2.670747871207711e-7
2021-10-10,B.1.1.7 (Alpha),1.1204625848386588e-4,4.871460096724509e-5,2.223850198573273e-4
2021-10-10,B.1.617.2 (Delta),0.9998879071444091,0.9997773421834127,0.999951281150673
2021-10-11,B.1.1.529 (Omikron),3.593966724794494e-8,1.3816469840452024e-9,3.1830103393341964e-7
2021-10-11,B.1.1.7 (Alpha),1.131282688946813e-4,4.965274880777996e-5,2.2442258645011343e-4
2021-10-11,B.1.617.2 (Delta),0.9998866327929506,0.9997755328831739,0.9999503401091958
2021-10-12,B.1.1.529 (Omikron),4.4228408652222134e-8,1.7783151608741058e-9,3.793283827704757e-7
2021-10-12,B.1.1.7 (Alpha),1.1446122488204647e-4,5.045753603135714e-5,2.2527348576846545e-4
2021-10-12,B.1.617.2 (Delta),0.9998853755086243,0.9997746862840138,0.9999494946581372
2021-10-13,B.1.1.529 (Omikron),5.4553879088797625e-8,2.286522253701097e-9,4.5610463936238765e-7
2021-10-13,B.1.1.7 (Alpha),1.1525833960987871e-4,5.142534821088619e-5,2.2802733288254217e-4
2021-10-13,B.1.617.2 (Delta),0.9998845937236231,0.9997716986157541,0.9999485159748548
2021-10-14,B.1.1.529 (Omikron),6.736298456222643e-8,2.939969894219684e-9,5.45405047956926e-7
2021-10-14,B.1.1.7 (Alpha),1.1629063388285946e-4,5.1929395048888706e-5,2.2905508392616282e-4
2021-10-14,B.1.617.2 (Delta),0.9998835485622735,0.9997709196394859,0.999948045647564
2021-10-15,B.1.1.529 (Omikron),8.358541255807367e-8,3.782930946890435e-9,6.521916864469929e-7
2021-10-15,B.1.1.7 (Alpha),1.1743553737426717e-4,5.277587235249089e-5,2.295319162667512e-4
2021-10-15,B.1.617.2 (Delta),0.999882384604868,0.9997703348473328,0.9999471929406274
2021-10-16,B.1.1.529 (Omikron),1.035931144597511e-7,4.908406375071719e-9,7.798890363855581e-7
2021-10-16,B.1.1.7 (Alpha),1.1836072198604281e-4,5.364231204791271e-5,2.303959117596836e-4
2021-10-16,B.1.617.2 (Delta),0.9998813068741897,0.9997695597645567,0.9999463140511591
2021-10-17,B.1.1.529 (Omikron),1.277743230827201e-7,6.34756998851096e-9,9.321517204245697e-7
2021-10-17,B.1.1.7 (Alpha),1.1934013778617313e-4,5.454663371945423e-5,2.296851356473438e-4
2021-10-17,B.1.617.2 (Delta),0.9998804625684274,0.9997701877103349,0.9999453990090177
2021-10-18,B.1.1.529 (Omikron),1.5771534917767935e-7,8.324188969179379e-9,1.114002195952145e-6
2021-10-18,B.1.1.7 (Alpha),1.2038885760067235e-4,5.546949739512765e-5,2.310962047792591e-4
2021-10-18,B.1.617.2 (Delta),0.9998793602521896,0.999768861692779,0.9999444660830351
2021-10-19,B.1.1.529 (Omikron),1.9567961071229576e-7,1.0896128980658421e-8,1.3386823378211256e-6
2021-10-19,B.1.1.7 (Alpha),1.219797959299056e-4,5.64284707952785e-5,2.3309247628343103e-4
2021-10-19,B.1.617.2 (Delta),0.9998778572066183,0.9997668550543667,0.9999434991732634
2021-10-20,B.1.1.529 (Omikron),2.427375594040197e-7,1.4197263894383986e-8,1.6096927182882284e-6
2021-10-20,B.1.1.7 (Alpha),1.2374350665178698e-4,5.739755898896776e-5,2.339784174144303e-4
2021-10-20,B.1.617.2 (Delta),0.9998761642978691,0.9997654863468156,0.9999424578309116
2021-10-21,B.1.1.529 (Omikron),2.998861822815993e-7,1.8498576750637345e-8,1.924690025933795e-6
2021-10-21,B.1.1.7 (Alpha),1.2542014570434554e-4,5.79607018460867e-5,2.3527559379292015e-4
2021-10-21,B.1.617.2 (Delta),0.9998743454978547,0.9997632812918209,0.9999415222046297
2021-10-22,B.1.1.529 (Omikron),3.7206351684466867e-7,2.4103117010910792e-8,2.301120737149075e-6
2021-10-22,B.1.1.7 (Alpha),1.2675547633086382e-4,5.847556177857877e-5,2.3703625555309936e-4
2021-10-22,B.1.617.2 (Delta),0.9998729117382337,0.9997621728641279,0.9999409153914637
2021-10-23,B.1.1.529 (Omikron),4.6140644046894624e-7,3.140927405260216e-8,2.7709661767039724e-6
2021-10-23,B.1.1.7 (Alpha),1.2784103733372765e-4,5.949287641626187e-5,2.3718858193790224e-4
2021-10-23,B.1.617.2 (Delta),0.9998711711370057,0.999761102938662,0.9999399018601778
2021-10-24,B.1.1.529 (Omikron),5.715693307732305e-7,4.094439495123405e-8,3.335892325795233e-6
2021-10-24,B.1.1.7 (Alpha),1.289336729808937e-4,6.020449613060718e-5,2.385711318241621e-4
2021-10-24,B.1.617.2 (Delta),0.9998704966090659,0.9997610417203913,0.9999388186881885
2021-10-25,B.1.1.529 (Omikron),7.06649535929604e-7,5.3374163241253626e-8,4.0247802477765785e-6
2021-10-25,B.1.1.7 (Alpha),1.299328901712721e-4,6.141036477712472e-5,2.3996103783436952e-4
2021-10-25,B.1.617.2 (Delta),0.9998692501791342,0.9997592596927827,0.9999379099699145
2021-10-26,B.1.1.529 (Omikron),8.711969069326252e-7,6.95773308070685e-8,4.860113235676553e-6
2021-10-26,B.1.1.7 (Alpha),1.311409447398616e-4,6.267536232797129e-5,2.4192983794550155e-4
2021-10-26,B.1.617.2 (Delta),0.9998679378984141,0.9997573045155196,0.9999363515625256
2021-10-27,B.1.1.529 (Omikron),1.08010330221179e-6,9.069942012113268e-8,5.8688278186741175e-6
2021-10-27,B.1.1.7 (Alpha),1.3219383956255897e-4,6.381748892450027e-5,2.4236910835616864e-4
2021-10-27,B.1.617.2 (Delta),0.9998664677821592,0.9997566674049124,0.9999352975931217
2021-10-28,B.1.1.529 (Omikron),1.3391919867683251e-6,1.1659047937848336e-7,7.086912870286969e-6
2021-10-28,B.1.1.7 (Alpha),1.330805330607914e-4,6.456133138447382e-5,2.429331265992245e-4
2021-10-28,B.1.617.2 (Delta),0.9998648948067188,0.9997551345863765,0.999933944583824
2021-10-29,B.1.1.529 (Omikron),1.6643985363389172e-6,1.4947401444355595e-7,8.55662692426258e-6
2021-10-29,B.1.1.7 (Alpha),1.3407619570660466e-4,6.567578338066323e-5,2.4205747963725372e-4
2021-10-29,B.1.617.2 (Delta),0.9998640235508693,0.9997543534722101,0.9999326751187239
2021-10-30,B.1.1.529 (Omikron),2.074470661468209e-6,1.9277292138157024e-7,1.0318151676028557e-5
2021-10-30,B.1.1.7 (Alpha),1.3504384474913525e-4,6.624409245061216e-5,2.4022542002192075e-4
2021-10-30,B.1.617.2 (Delta),0.9998623747473021,0.9997544414926087,0.9999315130361279
2021-10-31,B.1.1.529 (Omikron),2.576481740191696e-6,2.5149427722543474e-7,1.2352851276380041e-5
2021-10-31,B.1.1.7 (Alpha),1.358148939921294e-4,6.620105098124674e-5,2.4013749183445082e-4
2021-10-31,B.1.617.2 (Delta),0.999860974002857,0.9997535967858419,0.9999301898381239
2021-11-01,B.1.1.529 (Omikron),3.1898448577887977e-6,3.2295706619129103e-7,1.4785557140350776e-5
2021-11-01,B.1.1.7 (Alpha),1.3663431185081097e-4,6.726082020714503e-5,2.4370213200591108e-4
2021-11-01,B.1.617.2 (Delta),0.9998593066165244,0.9997502434806359,0.9999285416923906
2021-11-02,B.1.1.529 (Omikron),3.92213135084089e-6,4.1339104866142803e-7,1.7823490066782682e-5
2021-11-02,B.1.1.7 (Alpha),1.3754279435879092e-4,6.817058097818587e-5,2.4537881020100815e-4
2021-11-02,B.1.617.2 (Delta),0.9998577468606298,0.9997482749856168,0.9999269856575327
2021-11-03,B.1.1.529 (Omikron),4.8480436628022226e-6,5.296877960867954e-7,2.1491878593020946e-5
2021-11-03,B.1.1.7 (Alpha),1.379283889927864e-4,6.9065894256544e-5,2.472375299730643e-4
2021-11-03,B.1.617.2 (Delta),0.9998556505574103,0.9997441489879574,0.9999252627656796
2021-11-04,B.1.1.529 (Omikron),5.97971534783671e-6,6.773195525770276e-7,2.585694418636017e-5
2021-11-04,B.1.1.7 (Alpha),1.3940054073745408e-4,6.975506107340389e-5,2.4969721310383265e-4
2021-11-04,B.1.617.2 (Delta),0.9998527886445574,0.9997404681454306,0.9999229157478321
2021-11-05,B.1.1.529 (Omikron),7.4145303508454025e-6,8.669815849411841e-7,3.1048259343019965e-5
2021-11-05,B.1.1.7 (Alpha),1.4032880821075294e-4,7.04428804150327e-5,2.5232555424092103e-4
2021-11-05,B.1.617.2 (Delta),0.9998495162265046,0.9997358694885409,0.9999207446998154
2021-11-06,B.1.1.529 (Omikron),9.17302261999893e-6,1.110609622253407e-6,3.726023458448173e-5
2021-11-06,B.1.1.7 (Alpha),1.4156822939060215e-4,7.141220702333702e-5,2.5217022295005113e-4
2021-11-06,B.1.617.2 (Delta),0.99984669216691,0.9997324820751846,0.9999188908048087
2021-11-07,B.1.1.529 (Omikron),1.1388443407292095e-5,1.4378514941537859e-6,4.491679212446243e-5
2021-11-07,B.1.1.7 (Alpha),1.4296169458610715e-4,7.200468416569192e-5,2.5429689384916726e-4
2021-11-07,B.1.617.2 (Delta),0.9998421804332357,0.9997245041752314,0.9999170882266096
2021-11-08,B.1.1.529 (Omikron),1.4049449454833777e-5,1.8789507870899628e-6,5.393322643531825e-5
2021-11-08,B.1.1.7 (Alpha),1.4402319310559137e-4,7.336603167684702e-5,2.569924148805842e-4
2021-11-08,B.1.617.2 (Delta),0.9998370603497145,0.9997180574759428,0.9999137131905803
2021-11-09,B.1.1.529 (Omikron),1.739677303092416e-5,2.4494081618137624e-6,6.47188008237785e-5
2021-11-09,B.1.1.7 (Alpha),1.4456618268061027e-4,7.36371466969954e-5,2.6001569950134145e-4
2021-11-09,B.1.617.2 (Delta),0.9998318007188807,0.9997127160078422,0.9999101764279789
2021-11-10,B.1.1.529 (Omikron),2.1527636443821987e-5,3.1697773699599777e-6,7.791040898366339e-5
2021-11-10,B.1.1.7 (Alpha),1.4585453491654178e-4,7.39432073234717e-5,2.631445687035359e-4
2021-11-10,B.1.617.2 (Delta),0.9998248469328883,0.9997029627675008,0.9999054553546747
2021-11-11,B.1.1.529 (Omikron),2.6421457793938693e-5,4.007941579994441e-6,9.401352508958823e-5
2021-11-11,B.1.1.7 (Alpha),1.472299933860452e-4,7.468530387705265e-5,2.665780917197543e-4
2021-11-11,B.1.617.2 (Delta),0.9998175034025467,0.9996873350269166,0.9999023349932645
2021-11-12,B.1.1.529 (Omikron),3.269975627113754e-5,5.084929596477552e-6,1.1357227566467749e-4
2021-11-12,B.1.1.7 (Alpha),1.4827063061713367e-4,7.468954815320161e-5,2.6941569156557576e-4
2021-11-12,B.1.617.2 (Delta),0.9998088352733976,0.9996741388950486,0.9998985372120346
2021-11-13,B.1.1.529 (Omikron),4.042911099836572e-5,6.573672400120401e-6,1.3719953522411214e-4
2021-11-13,B.1.1.7 (Alpha),1.4940581132554892e-4,7.468625686561025e-5,2.7175114056517645e-4
2021-11-13,B.1.617.2 (Delta),0.9998005137495346,0.999661583696524,0.9998933156603027
2021-11-14,B.1.1.529 (Omikron),5.008466062352521e-5,8.566105663938525e-6,1.6464852776330684e-4
2021-11-14,B.1.1.7 (Alpha),1.5053657636675212e-4,7.479538522478215e-5,2.7469286492735597e-4
2021-11-14,B.1.617.2 (Delta),0.9997893677105573,0.9996363112178103,0.999887242143747
2021-11-15,B.1.1.529 (Omikron),6.20483381048301e-5,1.1147926996545213e-5,1.9794234699272584e-4
2021-11-15,B.1.1.7 (Alpha),1.5216385323938857e-4,7.517243270960773e-5,2.7576269105389e-4
2021-11-15,B.1.617.2 (Delta),0.9997763536046635,0.9996108094302151,0.9998806298508792
2021-11-16,B.1.1.529 (Omikron),7.681586673690392e-5,1.460682280279357e-5,2.3691783398271233e-4
2021-11-16,B.1.1.7 (Alpha),1.536604428038496e-4,7.602874913701993e-5,2.7699844338381196e-4
2021-11-16,B.1.617.2 (Delta),0.9997619395767879,0.9995709175887966,0.9998731930810378
2021-11-17,B.1.1.529 (Omikron),9.533726425632307e-5,1.8436163291643463e-5,2.8679071458109957e-4
2021-11-17,B.1.1.7 (Alpha),1.546934004917069e-4,7.737291269696628e-5,2.7973005578390165e-4
2021-11-17,B.1.617.2 (Delta),0.9997442220364909,0.9995353155572189,0.9998652447667773
2021-11-18,B.1.1.529 (Omikron),1.1802452198379444e-4,2.3772805520647182e-5,3.462773800281147e-4
2021-11-18,B.1.1.7 (Alpha),1.5611949376271168e-4,7.863930078821346e-5,2.839513204723877e-4
2021-11-18,B.1.617.2 (Delta),0.9997192216599606,0.999475759295144,0.9998556800851671
2021-11-19,B.1.1.529 (Omikron),1.465424287374908e-4,3.044579765635214e-5,4.1695190083212345e-4
2021-11-19,B.1.1.7 (Alpha),1.5735930262564436e-4,7.916161821761638e-5,2.874933713020852e-4
2021-11-19,B.1.617.2 (Delta),0.9996890836232752,0.9994003846740493,0.9998438618495622
2021-11-20,B.1.1.529 (Omikron),1.8192468725014484e-4,3.847974004199607e-5,5.038786592351259e-4
2021-11-20,B.1.1.7 (Alpha),1.5861813824935008e-4,7.94667184093333e-5,2.9103396733829725e-4
2021-11-20,B.1.617.2 (Delta),0.9996524263058948,0.999319659842798,0.9998324226192384
2021-11-21,B.1.1.529 (Omikron),2.248743762711886e-4,4.929749381293226e-5,6.089980822973412e-4
2021-11-21,B.1.1.7 (Alpha),1.599123154812319e-4,7.974424532314697e-5,2.946186956339636e-4
2021-11-21,B.1.617.2 (Delta),0.9996058328485127,0.9992201150818465,0.9998134456064203
2021-11-22,B.1.1.529 (Omikron),2.782467470195687e-4,6.426854366402663e-5,7.359147914237928e-4
2021-11-22,B.1.1.7 (Alpha),1.6112230185863887e-4,7.950046316431458e-5,2.966833264297112e-4
2021-11-22,B.1.617.2 (Delta),0.9995490529979723,0.9991016441884844,0.9997950994405431
2021-11-23,B.1.1.529 (Omikron),3.433012954360073e-4,8.404926020846602e-5,8.91110288897617e-4
2021-11-23,B.1.1.7 (Alpha),1.6209375068843755e-4,7.983730564829354e-5,3.0071974182850885e-4
2021-11-23,B.1.617.2 (Delta),0.9994828244739942,0.9989470581088109,0.9997718420305951
2021-11-24,B.1.1.529 (Omikron),0.00042386746455115864,1.099544704569652e-4,0.0010788139707901283
2021-11-24,B.1.1.7 (Alpha),1.6297085916897887e-4,8.045888880560753e-5,3.045501572444974e-4
2021-11-24,B.1.617.2 (Delta),0.9993999278892653,0.9987606584063938,0.9997414685977081
2021-11-25,B.1.1.529 (Omikron),5.262095408466844e-4,1.4027321614367897e-4,0.001304045170935913
2021-11-25,B.1.1.7 (Alpha),1.6435365831595685e-4,8.04859426638437e-5,3.069186465084027e-4
2021-11-25,B.1.617.2 (Delta),0.9992949553145831,0.9985305191167847,0.9997058544669399
2021-11-26,B.1.1.529 (Omikron),6.449712468908597e-4,1.810301188944915e-4,0.0015703325973133537
2021-11-26,B.1.1.7 (Alpha),1.6604475746916615e-4,8.051257017207099e-5,3.105962604735106e-4
2021-11-26,B.1.617.2 (Delta),0.999165884623778,0.9982540519290475,0.9996617410403262
2021-11-27,B.1.1.529 (Omikron),8.039577307917326e-4,2.3174439168305647e-4,0.0018891223484198516
2021-11-27,B.1.1.7 (Alpha),1.6703830066905326e-4,8.042510602450938e-5,3.1513773817861063e-4
2021-11-27,B.1.617.2 (Delta),0.9990119853122252,0.9979190063021857,0.9996091301686846
2021-11-28,B.1.1.529 (Omikron),9.976937620462052e-4,2.960605317206336e-4,0.0022864771538819214
2021-11-28,B.1.1.7 (Alpha),1.6852782957855626e-4,8.040709967659908e-5,3.201740315600791e-4
2021-11-28,B.1.617.2 (Delta),0.9988196857661372,0.9975240828293036,0.9995458036958155
2021-11-29,B.1.1.529 (Omikron),0.0012398109429260214,3.8007219906155453e-4,0.0027516074292868505
2021-11-29,B.1.1.7 (Alpha),1.699990264448327e-4,8.167256847965063e-5,3.226605849946379e-4
2021-11-29,B.1.617.2 (Delta),0.998582956957258,0.9970511111935346,0.9994621036812159
2021-11-30,B.1.1.529 (Omikron),0.001532022041776688,4.950005042017864e-4,0.0033218853724769305
2021-11-30,B.1.1.7 (Alpha),1.7094272848236676e-4,8.289306824615842e-5,3.2598142641500317e-4
2021-11-30,B.1.617.2 (Delta),0.9982837334369695,0.9964564831525173,0.999351589206768
2021-12-01,B.1.1.529 (Omikron),0.0018909162160821676,6.31144996793951e-4,0.00402770895051624
2021-12-01,B.1.1.7 (Alpha),1.721572804003625e-4,8.319218700058853e-5,3.296931706955331e-4
2021-12-01,B.1.617.2 (Delta),0.9979166490773597,0.9957404522160627,0.9992154186268299
2021-12-02,B.1.1.529 (Omikron),0.0023320397366693967,8.007976253670195e-4,0.004865515333327325
2021-12-02,B.1.1.7 (Alpha),1.7351336976509566e-4,8.298539095270647e-5,3.3472112750360827e-4
2021-12-02,B.1.617.2 (Delta),0.9974775726903087,0.9949191774138177,0.999042239802587
2021-12-03,B.1.1.529 (Omikron),0.002892166061526254,0.0010061641822602333,0.00587458486102354
2021-12-03,B.1.1.7 (Alpha),1.7472371505053108e-4,8.31544970983298e-5,3.383213316667561e-4
2021-12-03,B.1.617.2 (Delta),0.9969202834812323,0.9939047857778819,0.9988238818996715
2021-12-04,B.1.1.529 (Omikron),0.003572052468875947,0.0012607215567378275,0.007123035044360585
2021-12-04,B.1.1.7 (Alpha),0.00017529770509524222,8.312316771060063e-5,3.4106562269853807e-4
2021-12-04,B.1.617.2 (Delta),0.9962595037620208,0.9926318381131317,0.9985549383472851
2021-12-05,B.1.1.529 (Omikron),0.004391769144858587,0.0016048986043073403,0.008708520918908039
2021-12-05,B.1.1.7 (Alpha),1.7699862823780698e-4,8.19017992831899e-5,3.4401403582892914e-4
2021-12-05,B.1.617.2 (Delta),0.9953990962527217,0.9911175003638719,0.9982158462377413
2021-12-06,B.1.1.529 (Omikron),0.005433287898566638,0.002028929525491728,0.010501045716242578
2021-12-06,B.1.1.7 (Alpha),1.7845939928980565e-4,8.180910888413355e-5,3.4860568462277263e-4
2021-12-06,B.1.617.2 (Delta),0.99438496954087785,0.989251651713515,0.9977568575463659
2021-12-07,B.1.1.529 (Omikron),0.006702361043390318,0.002563415704414642,0.012901760032792973
2021-12-07,B.1.1.7 (Alpha),1.7917973305426411e-4,8.229090653563074e-5,3.535566864147179e-4
2021-12-07,B.1.617.2 (Delta),0.993124267384135,0.986906244462708,0.9972502900000375
2021-12-08,B.1.1.529 (Omikron),0.008227962469616244,0.003273371557116585,0.0157064397427559
2021-12-08,B.1.1.7 (Alpha),1.804474911277592e-4,8.135630882402194e-5,3.5812887664530885e-4
2021-12-08,B.1.617.2 (Delta),0.9915887594436017,0.9841435631725466,0.9965251865827989
2021-12-09,B.1.1.529 (Omikron),0.0101391864720358,0.004216759034319199,0.019357517980393063
2021-12-09,B.1.1.7 (Alpha),1.8175616883830378e-4,8.132656446176543e-5,3.606694296577177e-4
2021-12-09,B.1.617.2 (Delta),0.9896696569203571,0.980532552478839,0.9955978665888433
2021-12-10,B.1.1.529 (Omikron),0.012441294173748431,0.005148951434356615,0.023558272763425012
2021-12-10,B.1.1.7 (Alpha),1.8284356462713956e-4,8.125947930525944e-5,3.6320703742157554e-4
2021-12-10,B.1.617.2 (Delta),0.9873546414664001,0.976204410886864,0.9946168528091452
2021-12-11,B.1.1.529 (Omikron),0.015332349421283035,0.00660453034619234,0.029269203566031278
2021-12-11,B.1.1.7 (Alpha),1.8370330296732884e-4,8.057493857961188e-5,3.6705506210802177e-4
2021-12-11,B.1.617.2 (Delta),0.9845026332492204,0.9706005943838845,0.9932357869672891
2021-12-12,B.1.1.529 (Omikron),0.018949688397012117,0.008372504912721115,0.03560712769379765
2021-12-12,B.1.1.7 (Alpha),1.8434126674991282e-4,8.134725863369574e-5,3.7067604983653097e-4
2021-12-12,B.1.617.2 (Delta),0.9808765058497334,0.9640884784962743,0.9913520354387654
2021-12-13,B.1.1.529 (Omikron),0.023498093585756802,0.01040476155529453,0.04398120360761518
2021-12-13,B.1.1.7 (Alpha),1.8439474309993897e-4,8.028204409289221e-5,3.7540204361365527e-4
2021-12-13,B.1.617.2 (Delta),0.9763337982618121,0.955898997782441,0.9893249819112633
2021-12-14,B.1.1.529 (Omikron),0.028982413846479253,0.013025859198845474,0.053701923801193194
2021-12-14,B.1.1.7 (Alpha),1.8451232213409204e-4,7.904843899344978e-5,3.799936666545624e-4
2021-12-14,B.1.617.2 (Delta),0.9706880810188221,0.9460174711223989,0.9867867625664156
2021-12-15,B.1.1.529 (Omikron),0.035855214919024644,0.01642886134943989,0.06571366772247655
2021-12-15,B.1.1.7 (Alpha),1.843160873748792e-4,7.79576758777918e-5,3.8375724857945827e-4
2021-12-15,B.1.617.2 (Delta),0.9639643080622214,0.9340016236189703,0.9833503239839602
2021-12-16,B.1.1.529 (Omikron),0.043855389408093096,0.019882165392819624,0.08016667464634153
2021-12-16,B.1.1.7 (Alpha),1.8292007952026384e-4,7.760940133248063e-5,3.8472081400579275e-4
2021-12-16,B.1.617.2 (Delta),0.9559119873491371,0.9196162655574155,0.9799577264513115
2021-12-17,B.1.1.529 (Omikron),0.05400606766830885,0.024537569253141378,0.09823744781770237
2021-12-17,B.1.1.7 (Alpha),1.8290247652480896e-4,7.666536975217094e-5,3.873750053476086e-4
2021-12-17,B.1.617.2 (Delta),0.945798071490317,0.9016561280508444,0.9752996502483641
2021-12-18,B.1.1.529 (Omikron),0.06566892621864119,0.030233952143861847,0.12073256002027391
2021-12-18,B.1.1.7 (Alpha),1.8224462091088702e-4,7.546915530925948e-5,3.912039403747233e-4
2021-12-18,B.1.617.2 (Delta),0.9341055385817009,0.8790032231372473,0.9696402470513426
2021-12-19,B.1.1.529 (Omikron),0.07932244902223791,0.037299879245563626,0.1476911660519099
2021-12-19,B.1.1.7 (Alpha),1.8063353162500037e-4,7.439082761993086e-5,3.9254965096502555e-4
2021-12-19,B.1.617.2 (Delta),0.9204329486670303,0.8521873860981144,0.9625852551867006
2021-12-20,B.1.1.529 (Omikron),0.0962414154465848,0.045710039773023105,0.1787998875527553
2021-12-20,B.1.1.7 (Alpha),1.7762210692939524e-4,7.211708322028791e-5,3.93978954846926e-4
2021-12-20,B.1.617.2 (Delta),0.9036111734497503,0.8210621375199895,0.9541856093097841
2021-12-21,B.1.1.529 (Omikron),0.11697709759477151,0.05611772581786176,0.21569494499257635
2021-12-21,B.1.1.7 (Alpha),1.760175709015355e-4,6.974451479358165e-5,3.962636736114206e-4
2021-12-21,B.1.617.2 (Delta),0.8828468113759214,0.7840706098506851,0.9435439618169738
2021-12-22,B.1.1.529 (Omikron),0.1404108800377014,0.06911446095227437,0.2584634800530869
2021-12-22,B.1.1.7 (Alpha),1.7244235986735892e-4,6.723966673427974e-5,3.9540881352316575e-4
2021-12-22,B.1.617.2 (Delta),0.8593489290644752,0.7413878047168081,0.9305747666615685
2021-12-23,B.1.1.529 (Omikron),0.16787600698341815,0.08373516755717739,0.3073191844898625
2021-12-23,B.1.1.7 (Alpha),1.6875399995124632e-4,6.408371089852111e-5,3.8766171138468746e-4
2021-12-23,B.1.617.2 (Delta),0.8320281813789235,0.6924460244007922,0.9161109803873373
2021-12-24,B.1.1.529 (Omikron),0.19901293485736327,0.1017648602340056,0.35909220324326363
2021-12-24,B.1.1.7 (Alpha),1.6349025640944215e-4,6.147820423261862e-5,3.784409046778108e-4
2021-12-24,B.1.617.2 (Delta),0.8007888663087364,0.6407566739186638,0.8980826354836813
2021-12-25,B.1.1.529 (Omikron),0.23602993294154861,0.12197332434230984,0.40975819391774204
2021-12-25,B.1.1.7 (Alpha),1.5595246747072668e-4,5.81477891650159e-5,3.7073386084051957e-4
2021-12-25,B.1.617.2 (Delta),0.7638726381028075,0.590045088052762,0.8777166470479681
2021-12-26,B.1.1.529 (Omikron),0.2766434352730424,0.14634536423850958,0.46690239828010077
2021-12-26,B.1.1.7 (Alpha),1.4930149292736766e-4,5.37271425499475e-5,3.6071854744320963e-4
2021-12-26,B.1.617.2 (Delta),0.7231706584179407,0.5329993090106304,0.8534081518242037
2021-12-27,B.1.1.529 (Omikron),0.3214974083263479,0.1743527811494237,0.5251519684039396
2021-12-27,B.1.1.7 (Alpha),1.4167351213331027e-4,4.980118294492467e-5,3.485667081735959e-4
2021-12-27,B.1.617.2 (Delta),0.6781107390790944,0.4747823186231805,0.8253260025673738
2021-12-28,B.1.1.529 (Omikron),0.37007732858689396,0.20097671846822054,0.5863830681489742
2021-12-28,B.1.1.7 (Alpha),1.3218033573321236e-4,4.667175769253737e-5,3.3269853698346044e-4
2021-12-28,B.1.617.2 (Delta),0.6298250138187385,0.41354349373797344,0.7988732439615709
2021-12-29,B.1.1.529 (Omikron),0.421500779046211,0.2339496554697742,0.6430999384990002
2021-12-29,B.1.1.7 (Alpha),1.2340534609693314e-4,4.1625626314337336e-5,3.1259567568330844e-4
2021-12-29,B.1.617.2 (Delta),0.5784265533304918,0.35674407682587184,0.7658181138843024
2021-12-30,B.1.1.529 (Omikron),0.4738162946104746,0.2739628507521318,0.6960706125673095
2021-12-30,B.1.1.7 (Alpha),1.1295933919777412e-4,3.736746833975977e-5,2.964528095400498e-4
2021-12-30,B.1.617.2 (Delta),0.5260470188559361,0.3038112050445654,0.7257449430455778
2021-12-31,B.1.1.529 (Omikron),0.5279661311835999,0.3116690954856114,0.7457101119517711
2021-12-31,B.1.1.7 (Alpha),1.0184345422707591e-4,3.313291887170913e-5,2.7415685156250016e-4
2021-12-31,B.1.617.2 (Delta),0.47191471331678625,0.25420050116105203,0.6882550846323343
2022-01-01,B.1.1.529 (Omikron),0.5809759058647315,0.35334010380024355,0.7904593980579054
2022-01-01,B.1.1.7 (Alpha),9.204521518053107e-5,2.8348269297460732e-5,2.562338538787867e-4
2022-01-01,B.1.617.2 (Delta),0.4189423598447536,0.2095234269790332,0.6465657035277744
2022-01-02,B.1.1.529 (Omikron),0.6296325100016412,0.39996362679335923,0.830027760297207
2022-01-02,B.1.1.7 (Alpha),8.161258549795683e-5,2.435096948125156e-5,2.370129795514863e-4
2022-01-02,B.1.617.2 (Delta),0.3702006525970031,0.16994152167123824,0.5999335416806085
2022-01-03,B.1.1.529 (Omikron),0.6770266009879853,0.4450384416486875,0.8620164961631979
2022-01-03,B.1.1.7 (Alpha),7.076303853942622e-5,2.0373085957820187e-5,2.1522124785731234e-4
2022-01-03,B.1.617.2 (Delta),0.3229172223594814,0.13793309992133432,0.554843912122877
2022-01-04,B.1.1.529 (Omikron),0.721674058417163,0.491978701586545,0.8887100776424146
2022-01-04,B.1.1.7 (Alpha),6.114386634247974e-5,1.672763114705929e-5,1.903312652662318e-4
2022-01-04,B.1.617.2 (Delta),0.2782792928236615,0.11126559601155687,0.5079895134399834
2022-01-05,B.1.1.529 (Omikron),0.762149044557877,0.5398611752947137,0.9109180980334911
2022-01-05,B.1.1.7 (Alpha),5.315195724154369e-5,1.3464338077542917e-5,1.660585796308496e-4
2022-01-05,B.1.617.2 (Delta),0.23780758599183868,0.08906010663975761,0.460020618229809
2022-01-06,B.1.1.529 (Omikron),0.7994096839090965,0.5857716816128556,0.9281611132482842
2022-01-06,B.1.1.7 (Alpha),4.562133419374198e-5,1.0939001800286503e-5,1.4788551692890517e-4
2022-01-06,B.1.617.2 (Delta),0.2005204137911007,0.07182874572835288,0.41415785650972486
2022-01-07,B.1.1.529 (Omikron),0.8321810730309551,0.6330667246893462,0.942544735253029
2022-01-07,B.1.1.7 (Alpha),3.864059092662067e-5,9.221571111808285e-6,1.3184574548736076e-4
2022-01-07,B.1.617.2 (Delta),0.16775021758375977,0.057447140400312686,0.36688567490573515
2022-01-08,B.1.1.529 (Omikron),0.8603769071379499,0.6775735827088568,0.9554818029886111
2022-01-08,B.1.1.7 (Alpha),3.260943161365973e-5,7.5580696707628285e-6,1.1541151710652566e-4
2022-01-08,B.1.617.2 (Delta),0.1395783217977191,0.044507774900788555,0.3223866899538873
2022-01-09,B.1.1.529 (Omikron),0.8845493856835591,0.7185535818103442,0.9652183911700817
2022-01-09,B.1.1.7 (Alpha),2.7111205913322036e-5,5.908747128583464e-6,9.975004817956013e-5
2022-01-09,B.1.617.2 (Delta),0.11539381988796361,0.03476514550743902,0.28131897221161095
2022-01-10,B.1.1.529 (Omikron),0.9043720149807064,0.7515026014330727,0.9727613739221439
2022-01-10,B.1.1.7 (Alpha),2.2692193104304288e-5,4.551482408452736e-6,8.749363843592354e-5
2022-01-10,B.1.617.2 (Delta),0.09558672203878586,0.027236661308472607,0.24846419411671541
2022-01-11,B.1.1.529 (Omikron),0.9213923432388843,0.7839771923489957,0.978660793932575
2022-01-11,B.1.1.7 (Alpha),1.8708180945896786e-5,3.6874002471393884e-6,7.513112460994423e-5
2022-01-11,B.1.617.2 (Delta),0.07858396340049449,0.021332743278249574,0.21599720117241936
2022-01-12,B.1.1.529 (Omikron),0.9353299447124114,0.8136401086321011,0.983388746828404
2022-01-12,B.1.1.7 (Alpha),1.5482399155233448e-5,2.93060848849751e-6,6.41866211207128e-5
2022-01-12,B.1.617.2 (Delta),0.06464730730000552,0.016607067020294016,0.18632785063950583
2022-01-13,B.1.1.529 (Omikron),0.9471015178725133,0.8393265619641167,0.987074603545237
2022-01-13,B.1.1.7 (Alpha),1.2858712911536345e-5,2.2978113477817754e-6,5.502884065237616e-5
2022-01-13,B.1.617.2 (Delta),0.05288592750467117,0.012918773168732902,0.16065543492849307
2022-01-14,B.1.1.529 (Omikron),0.9567552991161394,0.8628802002829632,0.9900154320135733
2022-01-14,B.1.1.7 (Alpha),1.0622302495827328e-5,1.7856030945301612e-6,4.750267113445772e-5
2022-01-14,B.1.617.2 (Delta),0.04323687527572828,0.009983848827150421,0.13705420250790537
2022-01-15,B.1.1.529 (Omikron),0.9647014127358153,0.8842012767546231,0.9922284575556117
2022-01-15,B.1.1.7 (Alpha),8.695948603719813e-6,1.3996993065698987e-6,4.036702129923379e-5
2022-01-15,B.1.617.2 (Delta),0.0352939943036398,0.007769881010918889,0.11574088965181195
2022-01-16,B.1.1.529 (Omikron),0.9710907157905793,0.9009081851756503,0.9940545258025884
2022-01-16,B.1.1.7 (Alpha),7.160433932104932e-6,1.094407703171448e-6,3.407920130851406e-5
2022-01-16,B.1.617.2 (Delta),0.028898425038938774,0.005943759596354353,0.09906516277530607
2022-01-17,B.1.1.529 (Omikron),0.9764906828849159,0.9162948913210317,0.99543806785096
2022-01-17,B.1.1.7 (Alpha),5.8331039550415336e-6,8.579249554532687e-7,2.9014469948934965e-5
2022-01-17,B.1.617.2 (Delta),0.0234905352303536,0.004561467807095057,0.08369042967845847
2022-01-18,B.1.1.529 (Omikron),0.980959932195028,0.9295575367989906,0.9964833863110243
2022-01-18,B.1.1.7 (Alpha),4.74184011937875e-6,6.664867664384801e-7,2.4540463412615795e-5
2022-01-18,B.1.617.2 (Delta),0.01903157707887725,0.0035156848810897422,0.07043004173004377
2022-01-19,B.1.1.529 (Omikron),0.9845006312213183,0.9403628462587867,0.9972894161007837
2022-01-19,B.1.1.7 (Alpha),3.880405892394165e-6,5.225383463437334e-7,2.085179570606285e-5
2022-01-19,B.1.617.2 (Delta),0.015494856745965242,0.0027098565425078907,0.05962492490416714
2022-01-20,B.1.1.529 (Omikron),0.9874122269336112,0.9499218569698874,0.9979110855854523
2022-01-20,B.1.1.7 (Alpha),3.1774276542462155e-6,4.125308567045641e-7,1.7490550620031063e-5
2022-01-20,B.1.617.2 (Delta),0.012586613956144957,0.0020883449164875237,0.05007103570298198
2022-01-21,B.1.1.529 (Omikron),0.9897965116824974,0.9582081903653314,0.9983856038121304
2022-01-21,B.1.1.7 (Alpha),2.608092536445219e-6,3.255145432968515e-7,1.4752739101306006e-5
2022-01-21,B.1.617.2 (Delta),0.010200776749601735,0.0016136713343264223,0.04177871046435242
2022-01-22,B.1.1.529 (Omikron),0.9916903430964826,0.965423970191359,0.9987335606516311
2022-01-22,B.1.1.7 (Alpha),2.147467636242117e-6,2.5433514641897453e-7,1.2428974755957349e-5
2022-01-22,B.1.617.2 (Delta),0.008307465048964381,0.0012662862768466241,0.03456790876011938
2022-01-23,B.1.1.529 (Omikron),0.9932846154341044,0.971369897613513,0.9990236104056411
2022-01-23,B.1.1.7 (Alpha),1.7802617153721588e-6,1.9897659681120016e-7,1.0472229053439765e-5
2022-01-23,B.1.617.2 (Delta),0.006713176391478758,9.762835858769347e-4,0.028627514190285315
2022-01-24,B.1.1.529 (Omikron),0.9945879532921238,0.9763157932718812,0.9992414929808932
2022-01-24,B.1.1.7 (Alpha),1.4590694487510885e-6,1.5600097501520462e-7,8.819460810972838e-6
2022-01-24,B.1.617.2 (Delta),0.005410571502332454,7.583415442440365e-4,0.023681442853738077
2022-01-25,B.1.1.529 (Omikron),0.9956124557515371,0.9804034051543198,0.9994074015494441
2022-01-25,B.1.1.7 (Alpha),1.1802220541412473e-6,1.2315747456990938e-7,7.443112666921564e-6
2022-01-25,B.1.617.2 (Delta),0.004386477959714811,5.925625030748031e-4,0.019595118422102428
2022-01-26,B.1.1.529 (Omikron),0.996471594476507,0.9836595763993098,0.9995356295104506
2022-01-26,B.1.1.7 (Alpha),9.714677663899393e-7,9.643680452927606e-8,6.229925736479076e-6
2022-01-26,B.1.617.2 (Delta),0.003527424271179385,4.6434579029898523e-4,0.016338803803111746
2022-01-27,B.1.1.529 (Omikron),0.9971444806438341,0.9862178844202888,0.9996433935996171
2022-01-27,B.1.1.7 (Alpha),7.876171608452717e-7,7.534614708776521e-8,5.245260298052728e-6
2022-01-27,B.1.617.2 (Delta),0.0028540301036290208,3.5652417315832675e-4,0.01378074521863288
2022-01-28,B.1.1.529 (Omikron),0.9976908419719663,0.9886915317282151,0.9997278505233702
2022-01-28,B.1.1.7 (Alpha),6.436285079575337e-7,5.8830495844211256e-8,4.411495076133579e-6
2022-01-28,B.1.617.2 (Delta),0.002308513726917835,2.7208481012165196e-4,0.011297544154536428
2022-01-29,B.1.1.529 (Omikron),0.9981426703725487,0.9905830972036048,0.999791123131918
2022-01-29,B.1.1.7 (Alpha),5.299266580420546e-7,4.609951255603986e-8,3.706725717470274e-6
2022-01-29,B.1.617.2 (Delta),0.00185722296168511,2.0883398956236097e-4,0.009412118051244327
2022-01-30,B.1.1.529 (Omikron),0.9984889863709785,0.9920796493903736,0.999837268793575
2022-01-30,B.1.1.7 (Alpha),4.340315882928228e-7,3.612253139517122e-8,3.1013479236630093e-6
2022-01-30,B.1.617.2 (Delta),0.001510672112167598,1.6269755807997208e-4,0.007916250833358339
2022-01-31,B.1.1.529 (Omikron),0.9987756897813442,0.9934100360572973,0.9998762476048827
2022-01-31,B.1.1.7 (Alpha),3.535568687900432e-7,2.8269158173874705e-8,2.5840442374556123e-6
2022-01-31,B.1.617.2 (Delta),0.0012239945121423391,1.2371082673835173e-4,0.0065877985283230855
2022-02-01,B.1.1.529 (Omikron),0.9990112775443312,0.9945284868518747,0.9999059045062331
2022-02-01,B.1.1.7 (Alpha),2.863953268145719e-7,2.2148693543782625e-8,2.1614618734283387e-6
2022-02-01,B.1.617.2 (Delta),9.883865464031627e-4,9.406367396893341e-5,0.005470562061770138
2022-02-02,B.1.1.529 (Omikron),0.9991987009824996,0.9954568199059616,0.9999281412816956
2022-02-02,B.1.1.7 (Alpha),2.3417143991762308e-7,1.7186339690311273e-8,1.8273117792248459e-6
2022-02-02,B.1.617.2 (Delta),8.010083517015026e-4,7.184109209983516e-5,0.0045423864389252475
2022-02-03,B.1.1.529 (Omikron),0.9993512056337,0.9962282288780671,0.9999456669030118
2022-02-03,B.1.1.7 (Alpha),1.9083555998828426e-7,1.3352065775557973e-8,1.5446342699917275e-6
2022-02-03,B.1.617.2 (Delta),6.484613272789714e-4,5.431378598263521e-5,0.0037711089286567175
2022-02-04,B.1.1.529 (Omikron),0.9994715747019807,0.9968690564562903,0.9999582729383766
2022-02-04,B.1.1.7 (Alpha),1.5523496454773788e-7,1.0368904124876536e-8,1.2870847993324936e-6
2022-02-04,B.1.617.2 (Delta),5.282511149080952e-4,4.172494402150666e-5,0.0031303910968312025
2022-02-05,B.1.1.529 (Omikron),0.9995735215504782,0.9974017508004286,0.9999673364613932
2022-02-05,B.1.1.7 (Alpha),1.2571704904270463e-7,7.974754104164715e-9,1.0781415939471591e-6
2022-02-05,B.1.617.2 (Delta),4.2640074904240445e-4,3.266189331930308e-5,0.0025975644920284706
2022-02-06,B.1.1.529 (Omikron),0.9996569472415521,0.9978357787658964,0.9999746281122148
2022-02-06,B.1.1.7 (Alpha),1.0245597624843987e-7,6.160973834129144e-9,9.137661080948867e-7
2022-02-06,B.1.617.2 (Delta),3.4300489108608637e-4,2.5369023035517948e-5,0.002163648353197879
2022-02-07,B.1.1.529 (Omikron),0.9997220961691595,0.9982012815900174,0.9999804410245996
2022-02-07,B.1.1.7 (Alpha),8.317377102050676e-8,4.835976551581077e-9,7.734511842526472e-7
2022-02-07,B.1.617.2 (Delta),2.7782273910635636e-4,1.955677218496014e-5,0.0017966715347044965
2022-02-08,B.1.1.529 (Omikron),0.9997753148392254,0.9984971741320043,0.9999847926168262
2022-02-08,B.1.1.7 (Alpha),6.805239776217686e-8,3.741914174238472e-9,6.449025360617032e-7
2022-02-08,B.1.617.2 (Delta),2.2465548368618497e-4,1.5203580362042725e-5,0.0015024993932518677
2022-02-09,B.1.1.529 (Omikron),0.9998188098639423,0.9987467590219625,0.99998814129789
2022-02-09,B.1.1.7 (Alpha),5.556304057474606e-8,2.8879360984214464e-9,5.376153643311828e-7
2022-02-09,B.1.617.2 (Delta),1.811497280834249e-4,1.1855497961796053e-5,0.0012529680526209479
2022-02-10,B.1.1.529 (Omikron),0.9998546945654808,0.9989555893402816,0.9999907133456525
2022-02-10,B.1.1.7 (Alpha),4.5000297169966126e-8,2.2691558960164487e-9,4.4817272076618724e-7
2022-02-10,B.1.617.2 (Delta),1.4527052829999877e-4,9.282148741689775e-6,0.0010441894309949158
2022-02-11,B.1.1.529 (Omikron),0.999882651479139,0.9991299634288191,0.9999927088824173
2022-02-11,B.1.1.7 (Alpha),3.6558647857480205e-8,1.7611060767624232e-9,3.7608567973298475e-7
2022-02-11,B.1.617.2 (Delta),1.1732865402259208e-4,7.2875316938342374e-6,8.698518057002027e-4
2022-02-12,B.1.1.529 (Omikron),0.999905107868194,0.9992788582463623,0.9999942756006457
2022-02-12,B.1.1.7 (Alpha),2.999415401273287e-8,1.3668077677362922e-9,3.2012316314433354e-7
2022-02-12,B.1.617.2 (Delta),9.487719919078128e-5,5.7215454228998615e-6,7.210813381856977e-4
2022-02-13,B.1.1.529 (Omikron),0.9999229406211285,0.9994039366345283,0.9999955727514278
2022-02-13,B.1.1.7 (Alpha),2.4322291681359637e-8,1.0617869951724885e-9,2.717137703018363e-7
2022-02-13,B.1.617.2 (Delta),7.704721560090059e-5,4.425005718770667e-6,5.960132744966531e-4
2022-02-14,B.1.1.529 (Omikron),0.9999375367651484,0.9994995562838269,0.9999965893739041
2022-02-14,B.1.1.7 (Alpha),1.9676741389687597e-8,8.257961021490933e-10,2.28313054097439e-7
2022-02-14,B.1.617.2 (Delta),6.242442831895543e-5,3.409682724258726e-6,5.003667997216134e-4
2022-02-15,B.1.1.529 (Omikron),0.9999497299873116,0.999580377851272,0.9999973442093102
2022-02-15,B.1.1.7 (Alpha),1.5883454348482434e-8,6.405328976240878e-10,1.9174251579912933e-7
2022-02-15,B.1.617.2 (Delta),5.0243400726031445e-5,2.6549930269338232e-6,4.195306868282555e-4
2022-02-16,B.1.1.529 (Omikron),0.9999590410345114,0.9996501498486555,0.9999979286657681
2022-02-16,B.1.1.7 (Alpha),1.2842794063790298e-8,4.97203686327779e-10,1.6102887693041882e-7
2022-02-16,B.1.617.2 (Delta),4.092967011811851e-5,2.070707660138215e-6,3.49773745080151e-4
2022-02-17,B.1.1.529 (Omikron),0.9999669654196308,0.999708429883465,0.9999984071390945
2022-02-17,B.1.1.7 (Alpha),1.0487886245732769e-8,3.8594677018891087e-10,1.3556886072132324e-7
2022-02-17,B.1.617.2 (Delta),3.301155789932562e-5,1.591632252257491e-6,2.9150702684383346e-4
2022-02-18,B.1.1.529 (Omikron),0.9999732503545788,0.9997571779658401,0.9999987653592799
2022-02-18,B.1.1.7 (Alpha),8.592724230090196e-9,2.9965232782360197e-10,1.1362299738641508e-7
2022-02-18,B.1.617.2 (Delta),2.6730620540464272e-5,1.2343627975674314e-6,2.4276936539500464e-4
2022-02-19,B.1.1.529 (Omikron),0.9999784296361867,0.999799139538524,0.9999990622726924
2022-02-19,B.1.1.7 (Alpha),7.012434293774721e-9,2.3408236917378915e-10,9.546120062788756e-8
2022-02-19,B.1.617.2 (Delta),2.156514030203447e-5,9.375145015894538e-7,2.0083922911849189e-4
2022-02-20,B.1.1.529 (Omikron),0.9999825892072917,0.9998344665967358,0.9999992877816724
2022-02-20,B.1.1.7 (Alpha),5.693845099793812e-9,1.8225453194667926e-10,8.020231626109277e-8
2022-02-20,B.1.617.2 (Delta),1.739203865031276e-5,7.120553802208446e-7,1.6551597504976966e-4
2022-02-21,B.1.1.529 (Omikron),0.9999858880552164,0.9998635802773626,0.9999994475086178
2022-02-21,B.1.1.7 (Alpha),4.63591631385945e-9,1.4093610082398307e-10,6.735262452866096e-8
2022-02-21,B.1.617.2 (Delta),1.4098155962226633e-5,5.522615178259792e-7,1.364053599367064e-4
2022-02-22,B.1.1.529 (Omikron),0.9999885405059694,0.9998856345142759,0.9999995721026035
2022-02-22,B.1.1.7 (Alpha),3.8046035973549305e-9,1.1087975033856267e-10,5.655404085444077e-8
2022-02-22,B.1.617.2 (Delta),1.1448108158389667e-5,4.278365809950242e-7,1.143358660966956e-4
2022-02-23,B.1.1.529 (Omikron),0.9999907332982347,0.9999041550308063,0.9999996628278088
2022-02-23,B.1.1.7 (Alpha),3.0857299246193917e-9,8.780626586517177e-11,4.7486794263442157e-8
2022-02-23,B.1.617.2 (Delta),9.252857949741174e-6,3.370291550531903e-7,9.582043063573826e-5
2022-02-24,B.1.1.529 (Omikron),0.9999925322827756,0.99992029279288,0.9999997367359307
2022-02-24,B.1.1.7 (Alpha),2.4967195280905903e-9,6.7976436948509e-11,3.988097537023945e-8
2022-02-24,B.1.617.2 (Delta),7.459741422783015e-6,2.631471647448091e-7,7.969577905560504e-5
2022-02-25,B.1.1.529 (Omikron),0.9999939593214144,0.9999343990797056,0.9999997943235844
2022-02-25,B.1.1.7 (Alpha),2.0083697255775835e-9,5.2625034121085366e-11,3.3525241201738014e-8
2022-02-25,B.1.617.2 (Delta),6.0380392662965746e-06,2.0558412846615803e-7,6.559148936405606e-5
2022-02-26,B.1.1.529 (Omikron),0.9999951063275703,0.9999458985253691,0.99999983931409675
2022-02-26,B.1.1.7 (Alpha),1.627767397319974e-9,4.0740607225258704e-11,2.8156314902452806e-8
2022-02-26,B.1.617.2 (Delta),4.891438019064766e-6,1.6061304977890365e-7,5.4080543060054415e-5
2022-02-27,B.1.1.529 (Omikron),0.9999960544795283,0.999954786958068,0.9999998751037689
2022-02-27,B.1.1.7 (Alpha),1.309920580480704e-9,3.159026900294669e-11,2.3639760466352043e-8
2022-02-27,B.1.617.2 (Delta),3.944687921271583e-6,1.248562503608146e-7,4.519537079681792e-5
2022-02-28,B.1.1.529 (Omikron),0.9999968033370694,0.9999622147725408,0.99999990422015
2022-02-28,B.1.1.7 (Alpha),1.0698011297684532e-9,2.439259816158355e-11,1.9847751304999058e-8
2022-02-28,B.1.617.2 (Delta),3.195986286940825e-6,9.574905121695983e-8,3.7770308689191524e-5
2022-03-01,B.1.1.529 (Omikron),0.9999974066191529,0.9999684689855682,0.9999999265480074
2022-03-01,B.1.1.7 (Alpha),8.779311468538244e-10,1.8866918327122438e-11,1.6593184604490913e-8
2022-03-01,B.1.617.2 (Delta),2.5927307862171643e-6,7.34282661573051e-8,3.151871660238478e-5
2022-03-02,B.1.1.529 (Omikron),0.9999978898947208,0.9999737510812082,0.9999999436702679
2022-03-02,B.1.1.7 (Alpha),7.204774433977436e-10,1.4603085483998744e-11,1.3963906900569574e-8
2022-03-02,B.1.617.2 (Delta),2.1095747212907e-6,5.631145322815117e-8,2.6241754684427874e-5
2022-03-03,B.1.1.529 (Omikron),0.99999828711425,0.9999782996813087,0.9999999565633104
2022-03-03,B.1.1.7 (Alpha),5.912659287738537e-10,1.1308377161456732e-11,1.1763222087427065e-8
2022-03-03,B.1.617.2 (Delta),1.712560464700733e-6,4.341601822771218e-8,2.169752528828698e-5
2022-03-04,B.1.1.529 (Omikron),0.9999986154224934,0.9999820655479404,0.9999999662286831
2022-03-04,B.1.1.7 (Alpha),4.837787733195422e-10,8.852587550804751e-12,9.880856214091842e-9
2022-03-04,B.1.617.2 (Delta),1.3843132647054712e-6,3.375507202686534e-8,1.7932148055416885e-5
2022-03-05,B.1.1.529 (Omikron),0.9999988807918014,0.9999851777435282,0.999999973743068
2022-03-05,B.1.1.7 (Alpha),3.9511269114068525e-10,6.9536642257759985e-12,8.296033877295501e-9
2022-03-05,B.1.617.2 (Delta),1.1189935392781425e-6,2.624416565046941e-8,1.482035595474052e-5
2022-03-06,B.1.1.529 (Omikron),0.9999990992841861,0.999987630027957,0.9999999795852246
2022-03-06,B.1.1.7 (Alpha),3.243519636939552e-10,5.462131277856905e-12,6.9336544689723586e-9
2022-03-06,B.1.617.2 (Delta),9.006391065576804e-7,2.0404742621249592e-8,1.2330919144421724e-5
2022-03-07,B.1.1.529 (Omikron),0.9999992741627179,0.9999896573395493,0.9999999841273363
2022-03-07,B.1.1.7 (Alpha),2.6538771166109544e-10,4.290574187617757e-12,5.837116869733576e-9
2022-03-07,B.1.617.2 (Delta),7.257779320399085e-7,1.586477906429329e-8,1.0308712912527235e-5
2022-03-08,B.1.1.529 (Omikron),0.9999994138666379,0.9999913529087877,0.9999999876587387
2022-03-08,B.1.1.7 (Alpha),2.1678798472439e-10,3.3575686905890113e-12,4.916246538329011e-9
2022-03-08,B.1.617.2 (Delta),5.860611423829068e-7,1.233506465080093e-8,8.61794120511392e-6
2022-03-09,B.1.1.529 (Omikron),0.9999995275095186,0.9999927704632335,0.9999999904043646
2022-03-09,B.1.1.7 (Alpha),1.7708263774136343e-10,2.6171455042981204e-12,4.130796646647697e-9
2022-03-09,B.1.617.2 (Delta),4.719971635296768e-7,9.59076532767766e-9,7.204506151939699e-6
2022-03-10,B.1.1.529 (Omikron),0.9999996194608424,0.999993955594485,0.9999999925390808
2022-03-10,B.1.1.7 (Alpha),1.4528583134322205e-10,2.0400047211565102e-12,3.470844308208473e-9
2022-03-10,B.1.617.2 (Delta),3.801332838905248e-7,7.457091485162864e-9,6.022912031920764e-6
2022-03-11,B.1.1.529 (Omikron),0.9999996935173399,0.9999949464165775,0.999999994197808
2022-03-11,B.1.1.7 (Alpha),1.1846106129678026e-10,1.5901380026981466e-12,2.9163364093488114e-9
2022-03-11,B.1.617.2 (Delta),3.0614872510007287e-7,5.7991139998484575e-9,5.035127128503437e-6
2022-03-12,B.1.1.529 (Omikron),0.999999753161591,0.9999958030504177,0.9999999954848711
2022-03-12,B.1.1.7 (Alpha),9.64189553667308e-11,1.2394779366724213e-12,2.450424298554868e-9
2022-03-12,B.1.617.2 (Delta),2.4656365748548803e-7,4.5127074892104875e-9,4.190972275458377e-6
2022-03-13,B.1.1.529 (Omikron),0.9999998011984124,0.9999965196343578,0.9999999964864316
2022-03-13,B.1.1.7 (Alpha),7.862907243931344e-11,9.66146805093844e-13,2.0589516914021862e-9
2022-03-13,B.1.617.2 (Delta),1.9857552707824443e-7,3.511663564416612e-9,3.4753110838330455e-6
2022-03-14,B.1.1.529 (Omikron),0.9999998399083955,0.999997113856594,0.9999999972658213
2022-03-14,B.1.1.7 (Alpha),6.408474160059094e-11,7.530915597578348e-13,1.7300244144867989e-9
2022-03-14,B.1.617.2 (Delta),1.5992723807573448e-7,2.73268013826678e-9,2.8818689775301405e-6
2022-03-15,B.1.1.529 (Omikron),0.9999998710975595,0.9999976066132494,0.9999999978973496
2022-03-15,B.1.1.7 (Alpha),5.221441835704015e-11,5.853857847721337e-13,1.4536489094795278e-9
2022-03-15,B.1.617.2 (Delta),1.2885379418748893e-7,2.1011095516683226e-9,2.3897719009812056e-6
2022-03-16,B.1.1.529 (Omikron),0.9999998961412913,0.9999980001311559,0.999999998387994
2022-03-16,B.1.1.7 (Alpha),4.233110247959671e-11,4.504454579427001e-13,1.2214285084747263e-9
2022-03-16,B.1.617.2 (Delta),1.0373278188095132e-7,1.610810280434191e-9,1.9958191366306503e-6
2022-03-17,B.1.1.529 (Omikron),0.9999999163528386,0.9999983287717961,0.9999999987641294
2022-03-17,B.1.1.7 (Alpha),3.430402951161145e-11,3.4661225260468584e-13,1.0263082479065322e-9
2022-03-17,B.1.617.2 (Delta),8.354354517707916e-8,1.2349428124720137e-9,1.6677657359203145e-6
2022-03-18,B.1.1.529 (Omikron),0.9999999326310455,0.9999986041845016,0.9999999990524844
2022-03-18,B.1.1.7 (Alpha),2.79115765487365e-11,2.667149024955446e-13,8.623501057251185e-10
2022-03-18,B.1.617.2 (Delta),6.72836947114215e-8,9.467954790120583e-10,1.3931227447761318e-6
2022-03-19,B.1.1.529 (Omikron),0.9999999456163025,0.9999988342033692,0.9999999992735482
2022-03-19,B.1.1.7 (Alpha),2.2698975632295612e-11,2.0523543238796412e-13,7.241144497332663e-10
2022-03-19,B.1.617.2 (Delta),5.428685465642301e-8,7.258928128227744e-10,1.163492653641031e-6
2022-03-20,B.1.1.529 (Omikron),0.9999999560329412,0.9999990263113838,0.9999999994430266
2022-03-20,B.1.1.7 (Alpha),1.845975775007379e-11,1.5792798721104784e-13,6.080388061136011e-10
2022-03-20,B.1.617.2 (Delta),4.3907947979301415e-8,5.565394174705243e-10,9.717172726978282e-7
2022-03-21,B.1.1.529 (Omikron),0.9999999644378228,0.999999188692152,0.999999999567675
2022-03-21,B.1.1.7 (Alpha),1.5040755262058127e-11,1.2152554451405575e-13,5.104846544232296e-10
2022-03-21,B.1.617.2 (Delta),3.551340408957317e-8,4.320261219041126e-10,8.106229047594234e-7
2022-03-22,B.1.1.529 (Omikron),0.9999999712359373,0.9999993283757934,0.9999999996628777
2022-03-22,B.1.1.7 (Alpha),1.228288473160526e-11,9.351424700919129e-14,4.2856745040220857e-10
2022-03-22,B.1.617.2 (Delta),2.872381797175212e-8,3.3688619224758745e-10,6.710469521766266e-7
2022-03-23,B.1.1.529 (Omikron),0.9999999767749028,0.9999994440072323,0.9999999997371111
2022-03-23,B.1.1.7 (Alpha),1.0030722793226189e-11,7.195976419766535e-14,3.625768898062851e-10
2022-03-23,B.1.617.2 (Delta),2.3218429289312816e-8,2.6270205576275905e-10,5.555062539666225e-7
2022-03-24,B.1.1.529 (Omikron),0.9999999812478602,0.9999995397284775,0.9999999997948977
2022-03-24,B.1.1.7 (Alpha),8.191533310241891e-12,5.588924262396448e-14,3.068435963385328e-10
2022-03-24,B.1.617.2 (Delta),1.8748909880589893e-8,2.0496018371374938e-10,4.598614708065307e-7
2022-03-25,B.1.1.529 (Omikron),0.9999999848083496,0.9999996190057153,0.9999999998399302
2022-03-25,B.1.1.7 (Alpha),6.6895868378184316e-12,4.420062568842235e-14,2.596809576545543e-10
2022-03-25,B.1.617.2 (Delta),1.5185131850092575e-8,1.5995752377549719e-10,3.8062135908852615e-7
2022-03-26,B.1.1.529 (Omikron),0.9999999877048946,0.9999996846794516,0.9999999998750752
2022-03-26,B.1.1.7 (Alpha),5.4630416414119114e-12,3.4970930635541634e-14,2.1710271931814088e-10
2022-03-26,B.1.617.2 (Delta),1.2291158618946299e-8,1.2483601756325336e-10,3.150062802100504e-7
2022-03-27,B.1.1.529 (Omikron),0.9999999900504701,0.9999997390323275,0.9999999999031218
2022-03-27,B.1.1.7 (Alpha),4.46139675705743e-12,2.7322308992202073e-14,1.8090127432977278e-10
2022-03-27,B.1.617.2 (Delta),9.946066634038975e-9,9.686690285222933e-11,2.6070283047910777e-7
2022-03-28,B.1.1.529 (Omikron),0.9999999919797238,0.9999997840158982,0.9999999999257708
2022-03-28,B.1.1.7 (Alpha),3.643412171962365e-12,2.10938093179834e-14,1.5216243975648527e-10
2022-03-28,B.1.617.2 (Delta),8.0162861477434e-9,7.422055526753047e-11,2.157609078279562e-7
2022-03-29,B.1.1.529 (Omikron),0.9999999935293622,0.9999998212452896,0.9999999999431239
2022-03-29,B.1.1.7 (Alpha),2.9754104490935038e-12,1.6285207744952286e-14,1.2819377064085264e-10
2022-03-29,B.1.617.2 (Delta),6.467375670366787e-9,5.6869457514015516e-11,1.7856661181770663e-7
2022-03-30,B.1.1.529 (Omikron),0.9999999947680502,0.9999998520571944,0.9999999999564197
2022-03-30,B.1.1.7 (Alpha),2.429889834450744e-12,1.2572807435429737e-14,1.0800100144761632e-10
2022-03-30,B.1.617.2 (Delta),5.229401071374476e-9,4.3575278404886803e-11,1.4778428048067672e-7
2022-03-31,B.1.1.529 (Omikron),0.9999999957680473,0.9999998767688831,0.9999999999662589
2022-03-31,B.1.1.7 (Alpha),1.9818371251055644e-12,9.706706586900974e-15,9.060640451838083e-11
2022-03-31,B.1.617.2 (Delta),4.229864983263511e-9,3.373354930569709e-11,1.23047436096429e-7
2022-04-01,B.1.1.529 (Omikron),0.9999999965767634,0.999999897100801,0.9999999999737348
2022-04-01,B.1.1.7 (Alpha),1.6146749906985447e-12,7.49397467039593e-15,7.577314658946317e-11
2022-04-01,B.1.617.2 (Delta),3.4213839630728878e-9,2.6259329071449643e-11,1.0274323245526326e-7
2022-04-02,B.1.1.529 (Omikron),0.9999999972267022,0.999999914078025,0.999999999979554
2022-04-02,B.1.1.7 (Alpha),1.3155353300616525e-12,5.7856642061684705e-15,6.336845996619682e-11
2022-04-02,B.1.617.2 (Delta),2.7721749978917473e-9,2.044143509408548e-11,8.578954069944717e-8
2022-04-03,B.1.1.529 (Omikron),0.9999999977553762,0.9999999282540892,0.9999999999840962
2022-04-03,B.1.1.7 (Alpha),1.0698093142766235e-12,4.466783623967036e-15,5.299469516111923e-11
2022-04-03,B.1.617.2 (Delta),2.2437072804441097e-9,1.588769230988603e-11,7.163345853615993e-8
2022-04-04,B.1.1.529 (Omikron),0.9999999981899498,0.9999999400911883,0.999999999987795
2022-04-04,B.1.1.7 (Alpha),8.71885678450327e-13,3.4486317647009384e-15,4.432812137119683e-11
2022-04-04,B.1.617.2 (Delta),1.8092611181642733e-9,1.2192547088288199e-11,5.981332631165193e-8
2022-04-05,B.1.1.529 (Omikron),0.9999999985469719,0.9999999499752524,0.9999999999906334
2022-04-05,B.1.1.7 (Alpha),7.114692564678423e-13,2.6626663537396312e-15,3.7238468039030866e-11
2022-04-05,B.1.617.2 (Delta),1.4526292099398253e-9,9.356818112820457e-12,4.9949502794127574e-8
2022-04-06,B.1.1.529 (Omikron),0.9999999988271792,0.9999999581866207,0.9999999999928119
2022-04-06,B.1.1.7 (Alpha),5.796615440342086e-13,2.055832404571621e-15,3.128272256838343e-11
2022-04-06,B.1.617.2 (Delta),1.1725155659605434e-9,7.180621869920634e-12,4.175217629666858e-8
2022-04-07,B.1.1.529 (Omikron),0.9999999990533308,0.9999999650479057,0.9999999999944836
2022-04-07,B.1.1.7 (Alpha),4.722729577387217e-13,1.5874981724567732e-15,2.6279526630678843e-11
2022-04-07,B.1.617.2 (Delta),9.464211357469585e-10,5.510564013457183e-12,3.490018797313679e-8
2022-04-08,B.1.1.529 (Omikron),0.9999999992351079,0.9999999707832454,0.9999999999957665
2022-04-08,B.1.1.7 (Alpha),3.849597491722939e-13,1.2294594950973655e-15,2.2147243245646176e-11
2022-04-08,B.1.617.2 (Delta),7.641711808261654e-10,4.228926819168445e-12,2.917273260808535e-8
2022-04-09,B.1.1.529 (Omikron),0.999999999379165,0.9999999755774183,0.9999999999967512
2022-04-09,B.1.1.7 (Alpha),3.147768344858636e-13,9.54222106608035e-16,1.8800845829131213e-11
2022-04-09,B.1.617.2 (Delta),6.202414771573526e-10,3.245371451143113e-12,2.4385246495710202e-8
2022-04-10,B.1.1.529 (Omikron),0.9999999994960849,0.9999999795848771,0.9999999999975067
2022-04-10,B.1.1.7 (Alpha),2.563236687492667e-13,7.40602926118852e-16,1.5960126420066456e-11
2022-04-10,B.1.617.2 (Delta),5.034263945186452e-10,2.4905701364365895e-12,2.0383458730142852e-8
2022-04-11,B.1.1.529 (Omikron),0.9999999995909808,0.9999999829347263,0.9999999999980866
2022-04-11,B.1.1.7 (Alpha),2.0851691196511817e-13,5.748070305025927e-16,1.3548664359246457e-11
2022-04-11,B.1.617.2 (Delta),4.086167680787335e-10,1.911319383388107e-12,1.7038418966505705e-8
2022-04-12,B.1.1.529 (Omikron),0.9999999996680025,0.9999999857348829,0.9999999999985314
2022-04-12,B.1.1.7 (Alpha),1.7011212886301763e-13,4.461279300759373e-16,1.150158917816876e-11
2022-04-12,B.1.617.2 (Delta),3.3166635133383823e-10,1.4667897779225233e-12,1.419100502656271e-8
2022-04-13,B.1.1.529 (Omikron),0.9999999997307731,0.9999999881337591,0.9999999999988732
2022-04-13,B.1.1.7 (Alpha),1.3808664908598174e-13,3.4625611011813802e-16,9.763834733746992e-12
2022-04-13,B.1.617.2 (Delta),2.6914769843819267e-10,1.1256480092815667e-12,1.1807811912035569e-8
2022-04-14,B.1.1.529 (Omikron),0.9999999997825568,0.999999990121209,0.9999999999991351
2022-04-14,B.1.1.7 (Alpha),1.1237335271973835e-13,2.68742383822201e-16,8.284093478679307e-12
2022-04-14,B.1.617.2 (Delta),2.1737892650290926e-10,8.638482597709516e-13,9.86235763940238e-9
2022-04-15,B.1.1.529 (Omikron),0.9999999998243799,0.999999991748768,0.9999999999993363
2022-04-15,B.1.1.7 (Alpha),9.160723644135666e-14,2.0858139503326217e-16,6.883219010981157e-12
2022-04-15,B.1.617.2 (Delta),1.7556793406435952e-10,6.62937276233902e-13,8.237436778514741e-9
2022-04-16,B.1.1.529 (Omikron),0.9999999998581584,0.9999999931613038,0.9999999999994906
2022-04-16,B.1.1.7 (Alpha),7.467872924755924e-14,1.6194422737789153e-16,5.718626811080753e-12
2022-04-16,B.1.617.2 (Delta),1.4179925448563318e-10,5.087536500392718e-13,6.820642300196331e-9
